{
	"BundleName" : null,
	"Hats" : [
		{
			"Main" : {
				"Hash" : "87c419e93500b28fcb04201f978e8454",
				"Address" : "A29HjfO3b_Main.png",
				"ExIsFront" : False
			},
			"Move" : {
				"Hash" : "87c419e93500b28fcb04201f978e8454",
				"Address" : "A29HjfO3b_Move.png",
				"ExIsFront" : False
			},
			"Climb" : {
				"Hash" : "8863e0f3c16e9849688a8c5ff6ebc830",
				"Address" : "A29HjfO3b_Climb.png",
				"ExIsFront" : False
			},
			"EnterVent" : {
				"Hash" : "87c419e93500b28fcb04201f978e8454",
				"Address" : "A29HjfO3b_EnterVent.png",
				"ExIsFront" : False
			},
			"Preview" : {
				"Hash" : "87c419e93500b28fcb04201f978e8454",
				"Address" : "A29HjfO3b_Preview.png",
				"ExIsFront" : False
			},
			"Bounce" : False,
			"Adaptive" : False,
			"HideHands" : False,
			"IsSkinny" : False,
			"SeekerCostume" : True,
			"FPS" : 1,
			"Name" : "rhynhmic_revolution_shiro_v1",
			"Author" : "yurisi_OneQuart",
			"Package" : "None",
			"IsUnlockable" : False,
			"IsLocalizable" : True
		}
	],
	"Visors" : [
	],
	"Nameplates" : [
	],
	"Stamps" : [
	],
	"Packages" : [
	],
	"IsLocalizable" : True
}